0,SEA
15,SEA
30,SEA
45,SEA
60,SEA
75,SEA
90,SDA
105,SDA
120,SDA
135,SDA
150,SDA
165,SDA
180,SDA
195,SDA
210,SDA
225,SDA
240,SDA
255,SDA
270,SEA
285,SEA
300,SEA
315,SEA
330,SEA
345,SEA
360,SEA
375,SEA
390,SEA
405,SEA
420,SEA
435,SEA
450,SEA
465,SEA
480,SEA
495,SEA
510,SEA
525,SEA
540,SEA
555,SEA
570,SEA
585,SDA
600,SDA
615,SDA
630,SDA
645,SDA
660,SDA
675,SEA
690,SEA
705,SEA
720,SEA
735,SEA
750,SEA
765,SEA
780,SEA
795,SEA
810,SEA
825,SEA
840,SEA
855,SEA
870,SEA
885,SEA
900,SEA
915,LSD
930,LSD
945,SEA
960,SEA
975,SEA
990,SEA
1005,SEA
1020,SEA
1035,SEA
1050,SEA
1065,SEA
1080,SEA
1095,SEA
1110,SEA
1125,SEA
1140,SEA
1155,SEA
1170,SEA
1185,SEA
1200,SEA
1215,SEA
1230,SEA
1245,SEA
1260,SEA
1275,SEA
1290,SEA
1305,SEA
1320,SEA
1335,SEA
1350,SEA
1365,SEA
1380,SEA
1395,SEA
1410,SEA
1425,SEA
1440,SEA
1455,SEA
1470,SEA
1485,SEA
1500,SEA
1515,SEA
1530,SEA
1545,SEA
1560,SEA
1575,SEA
1590,SEA
1605,SEA
1620,SEA
1635,SEA
1650,SEA
1665,SEA
1680,SEA
1695,SEA
1710,SEA
1725,SEA
1740,SDA
1755,SEA
1770,SEA
1785,SEA
1800,SEA
1815,SEA
1830,SEA
1845,SEA
1860,SEA
1875,SEA
1890,SEA
1905,SEA
1920,SEA
1935,SEA
1950,SEA
1965,SEA
1980,SEA
1995,SEA
2010,SEA
2025,SEA
2040,SEA
2055,SEA
2070,SEA
2085,SEA
2100,SEA
2115,SEA
2130,SEA
2145,SEA
2160,SEA
2175,SEA
2190,SEA
2205,SEA
2220,SEA
2235,SEA
2250,SEA
2265,SEA
2280,SEA
2295,SEA
2310,SEA
2325,SEA
2340,SEA
2355,SEA
2370,SEA
2385,SEA
2400,SEA
2415,SEA
2430,SEA
2445,SEA
2460,SEA
2475,SEA
2490,SEA
2505,SEA
2520,SEA
2535,SEA
2550,SEA
2565,SEA
2580,SEA
2595,SEA
2610,SEA
2625,SEA
2640,SEA
2655,SEA
2670,SEA
2685,SEA
2700,SEA
2715,SEA
2730,SEA
2745,SEA
2760,SEA
2775,SEA
2790,SEA
2805,SEA
2820,SEA
2835,SEA
2850,SEA
2865,SEA
2880,SEA
2895,SEA
2910,SEA
2925,SEA
2940,SEA
2955,SEA
2970,SEA
2985,SEA
3000,SEA
3015,SEA
3030,SEA
3045,SEA
3060,SEA
3075,SEA
3090,SEA
3105,SEA
3120,SEA
3135,SEA
3150,SEA
3165,SEA
3180,SEA
3195,SEA
3210,SEA
3225,SEA
3240,SEA
3255,SEA
3270,SEA
3285,SEA
3300,SEA
3315,SEA
3330,SEA
3345,SEA
3360,SEA
3375,SEA
3390,SEA
3405,SEA
3420,SEA
3435,SEA
3450,SEA
3465,SEA
3480,SEA
3495,SEA
3510,SEA
3525,SEA
3540,SEA
3555,SEA
3570,SEA
3585,SEA
3600,SEA
3615,SEA
3630,SEA
3645,SEA
3660,SEA
3675,SEA
3690,SEA
3705,SEA
3720,SEA
3735,SEA
3750,SEA
3765,SEA
3780,SEA
3795,SEA
3810,SEA
3825,SEA
3840,SEA
3855,SEA
3870,SEA
3885,SEA
3900,SEA
3915,SEA
3930,SEA
3945,SEA
3960,SEA
3975,SEA
3990,SEA
4005,SEA
4020,SEA
4035,SEA
4050,SEA
4065,SEA
4080,SEA
4095,SEA
4110,SEA
4125,SEA
4140,SEA
4155,SEA
4170,SEA
4185,SEA
4200,SEA
4215,SEA
4230,SEA
